{
  "project_info": {
    "project_number": "810323527844",
    "firebase_url": "https://sowmitras-dev.firebaseio.com",
    "project_id": "sowmitras-dev",
    "storage_bucket": "sowmitras-dev.appspot.com"
  },
  "client": [
    {
      "client_info": {
        "mobilesdk_app_id": "1:810323527844:android:49c315feb89f7605",
        "android_client_info": {
          "package_name": "com.sowmitras.mukul"
        }
      },
      "oauth_client": [
        {
          "client_id": "810323527844-5vspl8ai09v0ba8ls8h5r9706rp2dglr.apps.googleusercontent.com",
          "client_type": 1,
          "android_info": {
            "package_name": "com.sowmitras.mukul",
            "certificate_hash": "470299548da3778acf85b94c43474d48e3e877de"
          }
        },
        {
          "client_id": "810323527844-b851l9riaf1o2slpspsh6s7qd87l4v7e.apps.googleusercontent.com",
          "client_type": 3
        }
      ],
      "api_key": [
        {
          "current_key": "AIzaSyBfvS_GvTj_Wbf542NY38KFtkaYe1GrGSU"
        }
      ],
      "services": {
        "analytics_service": {
          "status": 1
        },
        "appinvite_service": {
          "status": 2,
          "other_platform_oauth_client": [
            {
              "client_id": "810323527844-b851l9riaf1o2slpspsh6s7qd87l4v7e.apps.googleusercontent.com",
              "client_type": 3
            }
          ]
        },
        "ads_service": {
          "status": 2
        }
      }
    },
    {
      "client_info": {
        "mobilesdk_app_id": "1:810323527844:android:f76dcb2f31e51379",
        "android_client_info": {
          "package_name": "com.sowmitras.realestate"
        }
      },
      "oauth_client": [
        {
          "client_id": "810323527844-e39ujm4nu0fms9i2jiepj2k921lvtgop.apps.googleusercontent.com",
          "client_type": 1,
          "android_info": {
            "package_name": "com.sowmitras.realestate",
            "certificate_hash": "470299548da3778acf85b94c43474d48e3e877de"
          }
        },
        {
          "client_id": "810323527844-b851l9riaf1o2slpspsh6s7qd87l4v7e.apps.googleusercontent.com",
          "client_type": 3
        }
      ],
      "api_key": [
        {
          "current_key": "AIzaSyBfvS_GvTj_Wbf542NY38KFtkaYe1GrGSU"
        }
      ],
      "services": {
        "analytics_service": {
          "status": 1
        },
        "appinvite_service": {
          "status": 2,
          "other_platform_oauth_client": [
            {
              "client_id": "810323527844-b851l9riaf1o2slpspsh6s7qd87l4v7e.apps.googleusercontent.com",
              "client_type": 3
            }
          ]
        },
        "ads_service": {
          "status": 2
        }
      }
    },
    {
      "client_info": {
        "mobilesdk_app_id": "1:810323527844:android:d378dd60b8b344cf",
        "android_client_info": {
          "package_name": "com.sowmitras.webapp"
        }
      },
      "oauth_client": [
        {
          "client_id": "810323527844-dsakja09p176b1l4e7dtt2ah2s7ju1bo.apps.googleusercontent.com",
          "client_type": 1,
          "android_info": {
            "package_name": "com.sowmitras.webapp",
            "certificate_hash": "6d88ff2d83550cb7144723f693339ac901a4933e"
          }
        },
        {
          "client_id": "810323527844-b851l9riaf1o2slpspsh6s7qd87l4v7e.apps.googleusercontent.com",
          "client_type": 3
        }
      ],
      "api_key": [
        {
          "current_key": "AIzaSyBfvS_GvTj_Wbf542NY38KFtkaYe1GrGSU"
        }
      ],
      "services": {
        "analytics_service": {
          "status": 1
        },
        "appinvite_service": {
          "status": 2,
          "other_platform_oauth_client": [
            {
              "client_id": "810323527844-b851l9riaf1o2slpspsh6s7qd87l4v7e.apps.googleusercontent.com",
              "client_type": 3
            }
          ]
        },
        "ads_service": {
          "status": 2
        }
      },
      "admob_app_id": "ca-app-pub-1566281878164068~2641775053"
    }
  ],
  "configuration_version": "1"
}